CGPA,IQ,Placement
8.5,135,Yes
7.2,118,Yes
6.1,95,No
9.0,142,Yes
5.8,88,No
7.8,125,Yes
6.5,105,No
8.2,130,Yes
5.5,92,No
7.0,110,Yes
8.8,138,Yes
6.3,98,No
7.5,115,Yes
5.9,85,No
9.2,145,Yes
6.8,108,Yes
7.9,122,Yes
5.2,80,No
6.0,90,No
8.0,128,Yes
7.3,112,Yes
6.4,100,No
8.7,140,Yes
5.7,87,No
7.6,120,Yes
6.2,93,No
8.4,132,Yes
5.4,82,No
7.1,109,Yes
6.7,102,No
8.9,136,Yes
5.6,89,No
7.7,124,Yes
6.0,97,No
8.1,126,Yes
7.4,116,Yes
5.3,84,No
6.6,104,No
8.6,134,Yes
7.0,107,Yes
5.9,91,No
9.1,148,Yes
6.9,111,Yes
7.8,119,Yes
5.1,78,No
6.3,101,No
8.3,129,Yes
7.2,114,Yes
5.7,86,No
8.8,143,Yes
6.5,96,No
7.9,127,Yes
5.5,90,No
8.0,131,Yes
6.1,99,No
7.6,113,Yes
5.8,83,No
8.5,137,Yes
6.7,106,Yes
7.3,121,Yes
5.4,81,No
8.9,141,Yes
6.2,94,No
7.5,117,Yes
5.6,93,No
8.2,133,Yes
6.8,103,No
7.1,108,Yes
5.3,79,No
9.0,146,Yes
6.4,97,No
7.7,123,Yes
5.9,89,No
8.4,139,Yes
6.6,100,No
7.0,115,Yes
5.2,85,No
8.7,135,Yes
6.3,92,No
7.8,126,Yes
5.7,88,No
8.1,130,Yes
6.9,105,Yes
7.4,111,Yes
5.5,80,No
8.6,142,Yes
6.0,96,No
7.2,120,Yes
5.8,84,No
8.3,136,Yes
6.5,101,No
7.9,118,Yes
5.4,86,No
8.8,144,Yes
6.7,99,No
7.6,122,Yes